true_residue_number,original_res,mutated_res,mode,cutoff_or_window,energy,is_mutated,,,,,,,
166,S,S,distance,6,2106.070794,FALSE,,,,,,,
166,S,C,distance,6,2228.701293,TRUE,,,,,,,
166,S,S,window,6,2106.070794,FALSE,,,,,,,
166,S,C,window,6,2228.701293,TRUE,,,,,,,
166,127,S,S,distance,6,2106.070794,FALSE,,,,,,
166,127,S,C,distance,6,2228.701293,TRUE,,,,,,
166,127,S,S,window,6,2106.070794,FALSE,,,,,,
166,127,S,C,window,6,2228.701293,TRUE,,,,,,
166,S,S,distance,6,2106.070794,FALSE,,,,,,,
166,S,C,distance,6,2228.701293,TRUE,,,,,,,
166,S,S,window,6,2106.070794,FALSE,,,,,,,
166,S,C,window,6,2228.701293,TRUE,,,,,,,
166,C,C,distance,6,2228.701293,FALSE,,,,,,,
166,C,C,distance,6,2228.701293,TRUE,,,,,,,
166,C,C,window,6,2228.701293,FALSE,,,,,,,
166,C,C,window,6,2228.701293,TRUE,,,,,,,
166,C,C,distance,6,2228.701293,FALSE,,,,,,,
166,C,C,distance,6,2228.701293,TRUE,,,,,,,
166,C,C,window,6,2228.701293,FALSE,,,,,,,
166,C,C,window,6,2228.701293,TRUE,,,,,,,
166,C,C,distance,6,2228.701293,FALSE,,,,,,,
166,C,C,distance,6,2228.701293,TRUE,,,,,,,
166,C,C,window,6,2228.701293,FALSE,,,,,,,
166,C,C,window,6,2228.701293,TRUE,,,,,,,
166,C,C,distance,6,2228.7013,FALSE,,,,,,,
166,C,C,distance,6,2228.7013,TRUE,,,,,,,
166,C,C,window,6,2228.7013,FALSE,,,,,,,
166,C,C,window,6,2228.7013,TRUE,166,C,C,distance,6,2228.7013,FALSE
166,C,C,distance,6,2228.7013,TRUE,,,,,,,
166,C,C,window,6,2228.7013,FALSE,,,,,,,
166,C,C,window,6,2228.7013,TRUE,,,,,,,
166,C,C,distance,6,2228.7013,FALSE,,,,,,,