System,Sequence,RMSF_mean,RMSF_std,RMSD_mean,RMSD_std,RoG_mean,RoG_std,a-helix,parallel beta-sheet,antiparallel beta-sheet,D a-helix,D beta-sheet,E alpha-helix,F beta-sheet,Energy
1rwy_WT,SMTDLLSAEDIKKAIGAFTAADSFDKKFFQMVGLKKKSADDVKKVFILDKDKSGFIEEDELGSILKGFSSDARDLSAKETKTLMAAGDKDGDGKIGVEEFSTLVAESZZ,0.47109831014218534,0.11275845792062439,0.6617446248293193,0.09441504337313394,12.59434866890969,0.037763267332101585,0.53688097,0.058587987,0.0044257115,0.58525646,0.0,0.0,0.0,-92.01173034222866
1rwy_WT,SMTDLLSAEDIKKAIGAFTAADSFDKKFFQMVGLKKKSADDVKKVFILDKDKSGFIEEDELGSILKGFSSDARDLSAKETKTLMAAGDKDGDGKIGVEEFSTLVAESZZ,0.5276652201756975,0.13522880411788374,0.7475476206908753,0.10307515464772674,12.58876522871638,0.04715849898930046,0.55040663,0.05458048,0.002354452,0.6536458,0.0,0.0,0.0,-92.01173034222866
1rwy_WT,SMTDLLSAEDIKKAIGAFTAADSFDKKFFQMVGLKKKSADDVKKVFILDKDKSGFIEEDELGSILKGFSSDARDLSAKETKTLMAAGDKDGDGKIGVEEFSTLVAESZZ,0.49875105373319584,0.13000206769069816,0.6998496450660159,0.08271441257340457,12.596329816697974,0.0459466928200885,0.530084,0.056308176,0.0030273215,0.57412523,0.0,0.0,0.0,-92.01173034222866
1rwy_s78r,SMTDLLSAEDIKKAIGAFTAADSFDKKFFQMVGLKKKSADDVKKVFILDKDKSGFIEEDELGSILKGFSSDARDLRAKETKTLMAAGDKDGDGKIGVEEFSTLVAESZZ,0.5462274988120338,0.15312618748957815,0.8715786197537481,0.13870399739099715,12.613759831940794,0.04709064139074603,0.53845525,0.051823735,0.005446443,0.5883534,0.0,0.0,0.0,-74.01533415534243
1rwy_s78r,SMTDLLSAEDIKKAIGAFTAADSFDKKFFQMVGLKKKSADDVKKVFILDKDKSGFIEEDELGSILKGFSSDARDLRAKETKTLMAAGDKDGDGKIGVEEFSTLVAESZZ,0.4975648486951354,0.1270886348051914,0.6793875947172434,0.09527666612437843,12.61560581891681,0.0491268535605377,0.54586965,0.051307596,0.004649232,0.6287879,0.0,0.0,0.0,-74.01533415534243
1rwy_s78r,SMTDLLSAEDIKKAIGAFTAADSFDKKFFQMVGLKKKSADDVKKVFILDKDKSGFIEEDELGSILKGFSSDARDLRAKETKTLMAAGDKDGDGKIGVEEFSTLVAESZZ,0.5173217047010118,0.1507177048947555,0.7778004239294666,0.12108812021954514,12.580668623369037,0.04573616441806701,0.5483871,0.052395675,0.0055552046,0.639785,0.0,0.0,0.0,-74.01533415534243
1rwy_e81a,SMTDLLSAEDIKKAIGAFTAADSFDKKFFQMVGLKKKSADDVKKVFILDKDKSGFIEEDELGSILKGFSSDARDLSAKATKTLMAAGDKDGDGKIGVEEFSTLVAESZZ,0.6680164084444415,0.22280142331311073,1.0669567072007449,0.20113011763292019,12.713163390167262,0.064245241072412,0.5331192,0.051957812,0.0056976606,0.54918885,0.0,0.0,0.0,-71.09280729146676
1rwy_e81a,SMTDLLSAEDIKKAIGAFTAADSFDKKFFQMVGLKKKSADDVKKVFILDKDKSGFIEEDELGSILKGFSSDARDLSAKATKTLMAAGDKDGDGKIGVEEFSTLVAESZZ,0.5569423821708813,0.17952299141204298,1.1848962858179104,0.21996511816106354,12.671329002947227,0.05239831182548832,0.560051,0.06456409,0.0008495274,0.6815246,0.0,0.0,0.0,-71.09280729146676
1rwy_e81a,SMTDLLSAEDIKKAIGAFTAADSFDKKFFQMVGLKKKSADDVKKVFILDKDKSGFIEEDELGSILKGFSSDARDLSAKATKTLMAAGDKDGDGKIGVEEFSTLVAESZZ,0.49326152376376425,0.15309044601321345,0.6919712869510083,0.10234086104548247,12.610776060027789,0.04714116859508659,0.5344606,0.06185788,0.0014982877,0.54361975,0.0,0.0,0.0,-71.09280729146676
1rwy_e59d,SMTDLLSAEDIKKAIGAFTAADSFDKKFFQMVGLKKKSADDVKKVFILDKDKSGFIDEDELGSILKGFSSDARDLSAKETKTLMAAGDKDGDGKIGVEEFSTLVAESZZ,0.6030514351124815,0.15020092591335135,0.8308756778454951,0.10347203211109036,12.58657125451919,0.05262194350555317,0.5367739,0.051342465,0.005835616,0.5923333,0.0,0.0,0.0,-108.9845220183314
1rwy_e59d,SMTDLLSAEDIKKAIGAFTAADSFDKKFFQMVGLKKKSADDVKKVFILDKDKSGFIDEDELGSILKGFSSDARDLSAKETKTLMAAGDKDGDGKIGVEEFSTLVAESZZ,0.6015141326760227,0.15320419155198128,0.8710533521047157,0.0824584713154018,12.59891089318416,0.05385883738414376,0.5444452,0.05141096,0.005890411,0.6122917,0.0,0.0,0.0,-108.9845220183314
1rwy_e59d,SMTDLLSAEDIKKAIGAFTAADSFDKKFFQMVGLKKKSADDVKKVFILDKDKSGFIDEDELGSILKGFSSDARDLSAKETKTLMAAGDKDGDGKIGVEEFSTLVAESZZ,0.5928978323958818,0.1572707568127819,0.9323529978369393,0.11626073767016432,12.601252314064993,0.05654029173821782,0.5427054,0.057109587,0.0040821913,0.6077916,0.0,0.0,0.0,-108.9845220183314
1rwy_e59d,SMTDLLSAEDIKKAIGAFTAADSFDKKFFQMVGLKKKSADDVKKVFILDKDKSGFIDEDELGSILKGFSSDARDLSAKETKTLMAAGDKDGDGKIGVEEFSTLVAESZZ,0.5698614036193458,0.1737738999215568,0.9570183977017108,0.10179990695531804,12.583454965725739,0.05255928952988828,0.5311984,0.04142326,0.008962673,0.60324836,0.0,0.0,0.0,-108.9845220183314
1rwy_e59d,SMTDLLSAEDIKKAIGAFTAADSFDKKFFQMVGLKKKSADDVKKVFILDKDKSGFIDEDELGSILKGFSSDARDLSAKETKTLMAAGDKDGDGKIGVEEFSTLVAESZZ,0.5989708630865329,0.20096043417907186,0.9284029936513898,0.09952777654466882,12.584674132123554,0.051598583543355454,0.5365548,0.044958908,0.007986301,0.5764584,0.0,0.0,0.0,-108.9845220183314
1rwy_l85f,SMTDLLSAEDIKKAIGAFTAADSFDKKFFQMVGLKKKSADDVKKVFILDKDKSGFIEEDELGSILKGFSSDARDLSAKETKTFMAAGDKDGDGKIGVEEFSTLVAESZZ,0.6116595227194022,0.16209494580786196,0.8303955426082849,0.09638565289195544,12.599446273195568,0.04958053722258669,0.5460833,0.05640862,0.0035538564,0.62304044,0.0,0.0,0.0,-81.08871686362109
1rwy_l85f,SMTDLLSAEDIKKAIGAFTAADSFDKKFFQMVGLKKKSADDVKKVFILDKDKSGFIEEDELGSILKGFSSDARDLSAKETKTFMAAGDKDGDGKIGVEEFSTLVAESZZ,0.6462673122046161,0.25197477253561,0.9297392170870086,0.10181190048610621,12.621846353858627,0.05484127218253724,0.5394615,0.054073144,0.0045536864,0.62191445,0.0,0.0,0.0,-81.08871686362109
1rwy_l85f,SMTDLLSAEDIKKAIGAFTAADSFDKKFFQMVGLKKKSADDVKKVFILDKDKSGFIEEDELGSILKGFSSDARDLSAKETKTFMAAGDKDGDGKIGVEEFSTLVAESZZ,0.605612380860222,0.16199106825629228,0.8608948060995316,0.10498922132051063,12.601979142253768,0.052478301913864114,0.550726,0.056054793,0.0035205479,0.6372084,0.0,0.0,0.0,-81.08871686362109
1rwy_l85f,SMTDLLSAEDIKKAIGAFTAADSFDKKFFQMVGLKKKSADDVKKVFILDKDKSGFIEEDELGSILKGFSSDARDLSAKETKTFMAAGDKDGDGKIGVEEFSTLVAESZZ,0.6701478188787966,0.2716185522828783,1.0052938544110044,0.15832514133486572,12.604621810476193,0.054075328749001374,0.55186725,0.05303388,0.0042369845,0.64838034,0.0,0.0,0.0,-81.08871686362109
1rwy_l85f,SMTDLLSAEDIKKAIGAFTAADSFDKKFFQMVGLKKKSADDVKKVFILDKDKSGFIEEDELGSILKGFSSDARDLSAKETKTFMAAGDKDGDGKIGVEEFSTLVAESZZ,0.6063439445354093,0.16352174188290433,0.859035423238449,0.1017779104369698,12.616293434093214,0.05217889588100403,0.54502386,0.052358896,0.0051246677,0.62448615,0.0,0.0,0.0,-81.08871686362109
1rwy_s55d_e59d,SMTDLLSAEDIKKAIGAFTAADSFDKKFFQMVGLKKKSADDVKKVFILDKDKDGFIDEDELGSILKGFSSDARDLSAKETKTLMAAGDKDGDGKIGVEEFSTLVAESZZ,0.5777756379909458,0.14559598551782976,0.8788870425321105,0.09600070837402976,12.598663622986727,0.05024922293540161,0.53558844,0.049263727,0.0029870947,0.57048553,0.0,0.0,0.0,-98.78823733880708
1rwy_s55d_e59d,SMTDLLSAEDIKKAIGAFTAADSFDKKFFQMVGLKKKSADDVKKVFILDKDKDGFIDEDELGSILKGFSSDARDLSAKETKTLMAAGDKDGDGKIGVEEFSTLVAESZZ,0.5672080200661622,0.14483196032563056,0.8541210495826843,0.08281679060009603,12.592779732467871,0.05321647944716949,0.5467209,0.05606505,0.002864469,0.6282321,0.0,0.0,0.0,-98.78823733880708
1rwy_s55d_e59d,SMTDLLSAEDIKKAIGAFTAADSFDKKFFQMVGLKKKSADDVKKVFILDKDKDGFIDEDELGSILKGFSSDARDLSAKETKTLMAAGDKDGDGKIGVEEFSTLVAESZZ,0.5863056057534451,0.1627098507558263,0.8436890286758862,0.09594346973579822,12.59280796417659,0.054233284882077105,0.5451471,0.05338329,0.004647315,0.61907935,0.0,0.0,0.0,-98.78823733880708
1rwy_s55d_e59d,SMTDLLSAEDIKKAIGAFTAADSFDKKFFQMVGLKKKSADDVKKVFILDKDKDGFIDEDELGSILKGFSSDARDLSAKETKTLMAAGDKDGDGKIGVEEFSTLVAESZZ,0.5989329502395738,0.16438642475202514,0.9779374064319427,0.09170633148774733,12.602584477579901,0.055497965901992914,0.5408829,0.05183713,0.005228665,0.5943437,0.0,0.0,0.0,-98.78823733880708
1rwy_s55d_e59d,SMTDLLSAEDIKKAIGAFTAADSFDKKFFQMVGLKKKSADDVKKVFILDKDKDGFIDEDELGSILKGFSSDARDLSAKETKTLMAAGDKDGDGKIGVEEFSTLVAESZZ,0.5980734172665939,0.15521511714169822,0.9127946857794856,0.08587929568350629,12.58424597059558,0.05114748095804119,0.5354506,0.057496786,0.0036119432,0.5656738,0.0,0.0,0.0,-98.78823733880708
1rwy_d94s_g98d,SMTDLLSAEDIKKAIGAFTAADSFDKKFFQMVGLKKKSADDVKKVFILDKDKSGFIEEDELGSILKGFSSDARDLSAKETKTLMAAGDKDGSGKIDVEEFSTLVAESZZ,0.6136346418657183,0.1556347019160636,0.9025442841384378,0.11586884524659408,12.596123038778364,0.053723996863730646,0.54234666,0.053484216,0.004407385,0.617663,0.0,0.0,0.0,-70.28252584198508
1rwy_d94s_g98d,SMTDLLSAEDIKKAIGAFTAADSFDKKFFQMVGLKKKSADDVKKVFILDKDKSGFIEEDELGSILKGFSSDARDLSAKETKTLMAAGDKDGSGKIDVEEFSTLVAESZZ,0.6002127958729987,0.16410193408116203,0.8767399348677586,0.10295663926261472,12.599525708177884,0.05286467036571833,0.5410085,0.05222967,0.005537744,0.6092198,0.0,0.0,0.0,-70.28252584198508
1rwy_d94s_g98d,SMTDLLSAEDIKKAIGAFTAADSFDKKFFQMVGLKKKSADDVKKVFILDKDKSGFIEEDELGSILKGFSSDARDLSAKETKTLMAAGDKDGSGKIDVEEFSTLVAESZZ,0.6720913824283733,0.1794532687804701,0.94459971956436,0.11174087824675397,12.5994336943502,0.054713150003022765,0.52429396,0.06383479,0.00232227,0.5940969,0.0,0.0,0.0,-70.28252584198508
1rwy_d94s_g98d,SMTDLLSAEDIKKAIGAFTAADSFDKKFFQMVGLKKKSADDVKKVFILDKDKSGFIEEDELGSILKGFSSDARDLSAKETKTLMAAGDKDGSGKIDVEEFSTLVAESZZ,0.5959557064027853,0.1709623207963009,0.8463637899767138,0.11473602131543235,12.592556125181929,0.049173931740648436,0.5431997,0.059445098,0.0024676516,0.6111432,0.0,0.0,0.0,-70.28252584198508
1rwy_d94s_g98d,SMTDLLSAEDIKKAIGAFTAADSFDKKFFQMVGLKKKSADDVKKVFILDKDKSGFIEEDELGSILKGFSSDARDLSAKETKTLMAAGDKDGSGKIDVEEFSTLVAESZZ,0.6144749820463876,0.22702658572098788,0.8648797592236854,0.11434323942262899,12.588007312326463,0.05348203222851906,0.5378712,0.056119386,0.0042245775,0.60553527,0.0,0.0,0.0,-70.28252584198508
1g33_WT,MKSADDVKKVFILDKDKSGFIEEDELGSILKGFSSDARDLSAKETKTLMAAGDKDGDGKIGVEEFSTLVAESZZ,0.7400193676837311,0.32828589994071555,0.8188960901816736,0.17341904308920214,11.12475274025319,0.07364016144724082,0.4655912,0.026156146,0.015367186,0.5297149,0.0,0.8411654,0.0,-71.68385740143097
1g33_WT,MKSADDVKKVFILDKDKSGFIEEDELGSILKGFSSDARDLSAKETKTLMAAGDKDGDGKIGVEEFSTLVAESZZ,0.8644908438701819,0.49629072654770295,1.2174747576841,0.19542924328500194,11.18369081790485,0.09635408822461142,0.51425517,0.019502766,0.018145392,0.5126668,0.0,0.8401475,0.0,-71.68385740143097
1g33_WT,MKSADDVKKVFILDKDKSGFIEEDELGSILKGFSSDARDLSAKETKTLMAAGDKDGDGKIGVEEFSTLVAESZZ,0.9233449772671118,0.613955555150637,1.391611747522602,0.30354212215383264,11.16277095787689,0.10337565074018683,0.5018312,0.020192103,0.017885622,0.5172545,0.0,0.8404364,0.0,-71.68385740143097
1g33_s78r,MKSADDVKKVFILDKDKSGFIEEDELGSILKGFSSDARDLRAKETKTLMAAGDKDGDGKIGVEEFSTLVAESZZ,1.0762492642306976,0.8634395808188766,1.8843873368035913,0.3122576331805639,11.201921548359385,0.11740913246180644,0.4949138,0.02196439,0.017100267,0.53304994,0.0,0.83993363,0.0,-21.960614848746587
1g33_s78r,MKSADDVKKVFILDKDKSGFIEEDELGSILKGFSSDARDLRAKETKTLMAAGDKDGDGKIGVEEFSTLVAESZZ,1.2225449669810442,0.8668066430790626,2.152318852153188,0.7666581440886985,11.226524066645196,0.1347704849331324,0.51008195,0.025841955,0.015770772,0.52698684,0.0,0.8345986,0.0,-21.960614848746587
1g33_s78r,MKSADDVKKVFILDKDKSGFIEEDELGSILKGFSSDARDLRAKETKTLMAAGDKDGDGKIGVEEFSTLVAESZZ,0.987450953754577,0.7882946163551917,1.4509630093062384,0.5367132913579657,11.105407329231438,0.09506036582663373,0.5045474,0.020708239,0.017617889,0.56277674,0.0,0.8409802,0.0,-21.960614848746587
1g33_e81a,MKSADDVKKVFILDKDKSGFIEEDELGSILKGFSSDARDLSAKATKTLMAAGDKDGDGKIGVEEFSTLVAESZZ,1.1594013705983295,0.9111980988374299,1.9066990611830645,0.613858942514845,11.148494314197036,0.13092538645911078,0.4886069,0.019760903,0.018099045,0.5111598,0.0,0.8416685,0.0,-74.13172563746065
1g33_e81a,MKSADDVKKVFILDKDKSGFIEEDELGSILKGFSSDARDLSAKATKTLMAAGDKDGDGKIGVEEFSTLVAESZZ,1.2744863459656421,1.115386636034561,2.1230390752575055,0.4916816732335036,11.299188725549213,0.13027037658432103,0.43844977,0.018571146,0.018571144,0.3208937,0.0,0.84069115,0.0,-74.13172563746065
1g33_e81a,MKSADDVKKVFILDKDKSGFIEEDELGSILKGFSSDARDLSAKATKTLMAAGDKDGDGKIGVEEFSTLVAESZZ,0.9695500113282086,0.45568382180241823,1.3138136288088862,0.2837691882623598,11.16414007820592,0.1157887984453995,0.5101367,0.017756663,0.019015096,0.4728349,0.0,0.8367058,0.0,-74.13172563746065
1g33_e59d,MKSADDVKKVFILDKDKSGFIDEDELGSILKGFSSDARDLSAKETKTLMAAGDKDGDGKIGVEEFSTLVAESZZMKSADDVKKVFILDKDKSGFIDEDELGSILKGFSSDARDLSAKETKTLMAAGDKDGDGKIGVEEFSTLVAESZZMKSADDVKKVFILDKDKSGFIDEDELGSILKGFSSDARDLSAKETKTLMAAGDKDGDGKIGVEEFSTLVAESZZMKSADDVKKVFILDKDKSGFIDEDELGSILKGFSSDARDLSAKETKTLMAAGDKDGDGKIGVEEFSTLVAESZZMKSADDVKKVFILDKDKSGFIDEDELGSILKGFSSDARDLSAKETKTLMAAGDKDGDGKIGVEEFSTLVAESZZ,0.9063523905379595,0.6972996453444196,1.7469272932334428,0.2725992827566326,11.301292842209975,0.13556975665791499,0.45871234,0.01758904,0.018986301,0.3865,0.0,0.83907706,0.0,3289370.060447372
1g33_e59d,MKSADDVKKVFILDKDKSGFIDEDELGSILKGFSSDARDLSAKETKTLMAAGDKDGDGKIGVEEFSTLVAESZZMKSADDVKKVFILDKDKSGFIDEDELGSILKGFSSDARDLSAKETKTLMAAGDKDGDGKIGVEEFSTLVAESZZMKSADDVKKVFILDKDKSGFIDEDELGSILKGFSSDARDLSAKETKTLMAAGDKDGDGKIGVEEFSTLVAESZZMKSADDVKKVFILDKDKSGFIDEDELGSILKGFSSDARDLSAKETKTLMAAGDKDGDGKIGVEEFSTLVAESZZMKSADDVKKVFILDKDKSGFIDEDELGSILKGFSSDARDLSAKETKTLMAAGDKDGDGKIGVEEFSTLVAESZZ,0.7628134605411174,0.48567387411292634,1.3712751383648691,0.2398583059928717,11.278510861204632,0.08127782302592895,0.4879726,0.01928767,0.018273972,0.4811667,0.0,0.8421539,0.0,3289370.060447372
1g33_e59d,MKSADDVKKVFILDKDKSGFIDEDELGSILKGFSSDARDLSAKETKTLMAAGDKDGDGKIGVEEFSTLVAESZZMKSADDVKKVFILDKDKSGFIDEDELGSILKGFSSDARDLSAKETKTLMAAGDKDGDGKIGVEEFSTLVAESZZMKSADDVKKVFILDKDKSGFIDEDELGSILKGFSSDARDLSAKETKTLMAAGDKDGDGKIGVEEFSTLVAESZZMKSADDVKKVFILDKDKSGFIDEDELGSILKGFSSDARDLSAKETKTLMAAGDKDGDGKIGVEEFSTLVAESZZMKSADDVKKVFILDKDKSGFIDEDELGSILKGFSSDARDLSAKETKTLMAAGDKDGDGKIGVEEFSTLVAESZZ,0.7711352033502579,0.5282435424514222,1.5943332714698328,0.23295703115229047,11.229168740525308,0.10227216018944583,0.50735617,0.017150685,0.019205479,0.4755833,0.0,0.8404617,0.0,3289370.060447372
1g33_e59d,MKSADDVKKVFILDKDKSGFIDEDELGSILKGFSSDARDLSAKETKTLMAAGDKDGDGKIGVEEFSTLVAESZZMKSADDVKKVFILDKDKSGFIDEDELGSILKGFSSDARDLSAKETKTLMAAGDKDGDGKIGVEEFSTLVAESZZMKSADDVKKVFILDKDKSGFIDEDELGSILKGFSSDARDLSAKETKTLMAAGDKDGDGKIGVEEFSTLVAESZZMKSADDVKKVFILDKDKSGFIDEDELGSILKGFSSDARDLSAKETKTLMAAGDKDGDGKIGVEEFSTLVAESZZMKSADDVKKVFILDKDKSGFIDEDELGSILKGFSSDARDLSAKETKTLMAAGDKDGDGKIGVEEFSTLVAESZZ,0.8441420605525467,0.5233391235091037,1.4704144560188097,0.23817762083705266,11.310131805385792,0.10246264327328995,0.4737945,0.018438356,0.01871233,0.42458335,0.0,0.83923084,0.0,3289370.060447372
1g33_e59d,MKSADDVKKVFILDKDKSGFIDEDELGSILKGFSSDARDLSAKETKTLMAAGDKDGDGKIGVEEFSTLVAESZZMKSADDVKKVFILDKDKSGFIDEDELGSILKGFSSDARDLSAKETKTLMAAGDKDGDGKIGVEEFSTLVAESZZMKSADDVKKVFILDKDKSGFIDEDELGSILKGFSSDARDLSAKETKTLMAAGDKDGDGKIGVEEFSTLVAESZZMKSADDVKKVFILDKDKSGFIDEDELGSILKGFSSDARDLSAKETKTLMAAGDKDGDGKIGVEEFSTLVAESZZMKSADDVKKVFILDKDKSGFIDEDELGSILKGFSSDARDLSAKETKTLMAAGDKDGDGKIGVEEFSTLVAESZZ,0.7971681305270651,0.5564892799496645,1.4801426104068223,0.23323422839441885,11.276133682891786,0.1632583297454754,0.49263012,0.018547945,0.018630136,0.43608332,0.0,0.84061545,0.0,3289370.060447372
1g33_l85f,MKSADDVKKVFILDKDKSGFIEEDELGSILKGFSSDARDLSAKETKTLMAAGDKDGDFKIGVEEFSTLVAESZZMKSADDVKKVFILDKDKSGFIEEDELGSILKGFSSDARDLSAKETKTLMAAGDKDGDFKIGVEEFSTLVAESZZMKSADDVKKVFILDKDKSGFIEEDELGSILKGFSSDARDLSAKETKTLMAAGDKDGDFKIGVEEFSTLVAESZZMKSADDVKKVFILDKDKSGFIEEDELGSILKGFSSDARDLSAKETKTLMAAGDKDGDFKIGVEEFSTLVAESZZMKSADDVKKVFILDKDKSGFIEEDELGSILKGFSSDARDLSAKETKTLMAAGDKDGDFKIGVEEFSTLVAESZZ,0.8067239423569932,0.590017486486943,1.3569085812345762,0.26318931658205935,11.204499920615907,0.13735389551966928,0.51651335,0.022660462,0.016757315,0.50564724,0.0,0.8422107,0.0,3446691.1635030536
1g33_l85f,MKSADDVKKVFILDKDKSGFIEEDELGSILKGFSSDARDLSAKETKTLMAAGDKDGDFKIGVEEFSTLVAESZZMKSADDVKKVFILDKDKSGFIEEDELGSILKGFSSDARDLSAKETKTLMAAGDKDGDFKIGVEEFSTLVAESZZMKSADDVKKVFILDKDKSGFIEEDELGSILKGFSSDARDLSAKETKTLMAAGDKDGDFKIGVEEFSTLVAESZZMKSADDVKKVFILDKDKSGFIEEDELGSILKGFSSDARDLSAKETKTLMAAGDKDGDFKIGVEEFSTLVAESZZMKSADDVKKVFILDKDKSGFIEEDELGSILKGFSSDARDLSAKETKTLMAAGDKDGDFKIGVEEFSTLVAESZZ,0.7853713404579399,0.658057405594162,1.944385342032303,0.39455263093595716,11.171559596990948,0.12084041579123493,0.5213501,0.027748184,0.014588477,0.5697621,0.0,0.8422126,0.0,3446691.1635030536
1g33_l85f,MKSADDVKKVFILDKDKSGFIEEDELGSILKGFSSDARDLSAKETKTLMAAGDKDGDFKIGVEEFSTLVAESZZMKSADDVKKVFILDKDKSGFIEEDELGSILKGFSSDARDLSAKETKTLMAAGDKDGDFKIGVEEFSTLVAESZZMKSADDVKKVFILDKDKSGFIEEDELGSILKGFSSDARDLSAKETKTLMAAGDKDGDFKIGVEEFSTLVAESZZMKSADDVKKVFILDKDKSGFIEEDELGSILKGFSSDARDLSAKETKTLMAAGDKDGDFKIGVEEFSTLVAESZZMKSADDVKKVFILDKDKSGFIEEDELGSILKGFSSDARDLSAKETKTLMAAGDKDGDFKIGVEEFSTLVAESZZ,0.9648831816110964,0.5173697778195139,2.047123545005122,0.4025777746280469,11.479216832107701,0.14755827916868128,0.4773802,0.02127919,0.020450447,0.3006376,0.0,0.8400629,0.0,3446691.1635030536
1g33_l85f,MKSADDVKKVFILDKDKSGFIEEDELGSILKGFSSDARDLSAKETKTLMAAGDKDGDFKIGVEEFSTLVAESZZMKSADDVKKVFILDKDKSGFIEEDELGSILKGFSSDARDLSAKETKTLMAAGDKDGDFKIGVEEFSTLVAESZZMKSADDVKKVFILDKDKSGFIEEDELGSILKGFSSDARDLSAKETKTLMAAGDKDGDFKIGVEEFSTLVAESZZMKSADDVKKVFILDKDKSGFIEEDELGSILKGFSSDARDLSAKETKTLMAAGDKDGDFKIGVEEFSTLVAESZZMKSADDVKKVFILDKDKSGFIEEDELGSILKGFSSDARDLSAKETKTLMAAGDKDGDFKIGVEEFSTLVAESZZ,0.9255596765352709,0.8674139806532779,1.468431614408936,0.3288953157846089,11.26087347427019,0.1300899662909699,0.4752194,0.025341788,0.015470122,0.51044756,0.0,0.84250903,0.0,3446691.1635030536
1g33_l85f,MKSADDVKKVFILDKDKSGFIEEDELGSILKGFSSDARDLSAKETKTLMAAGDKDGDFKIGVEEFSTLVAESZZMKSADDVKKVFILDKDKSGFIEEDELGSILKGFSSDARDLSAKETKTLMAAGDKDGDFKIGVEEFSTLVAESZZMKSADDVKKVFILDKDKSGFIEEDELGSILKGFSSDARDLSAKETKTLMAAGDKDGDFKIGVEEFSTLVAESZZMKSADDVKKVFILDKDKSGFIEEDELGSILKGFSSDARDLSAKETKTLMAAGDKDGDFKIGVEEFSTLVAESZZMKSADDVKKVFILDKDKSGFIEEDELGSILKGFSSDARDLSAKETKTLMAAGDKDGDFKIGVEEFSTLVAESZZ,0.6313611342107148,0.4594493592387351,1.3111073473613575,0.18743980703150004,11.064801998821453,0.08135167169510565,0.4815818,0.023062091,0.016760973,0.5643974,0.0,0.8433939,0.0,3446691.1635030536
1g33_s55d_e59d,MKSADDVKKVFILDKDKDGFIDEDELGSILKGFSSDARDLSAKETKTLMAAGDKDGDGKIGVEEFSTLVAESZZMKSADDVKKVFILDKDKDGFIDEDELGSILKGFSSDARDLSAKETKTLMAAGDKDGDGKIGVEEFSTLVAESZZMKSADDVKKVFILDKDKDGFIDEDELGSILKGFSSDARDLSAKETKTLMAAGDKDGDGKIGVEEFSTLVAESZZMKSADDVKKVFILDKDKDGFIDEDELGSILKGFSSDARDLSAKETKTLMAAGDKDGDGKIGVEEFSTLVAESZZMKSADDVKKVFILDKDKDGFIDEDELGSILKGFSSDARDLSAKETKTLMAAGDKDGDGKIGVEEFSTLVAESZZ,0.7271859577277414,0.46189536698803385,1.2845429364629262,0.19463853277648713,11.207489342113004,0.09854551780034941,0.505898,0.016117634,0.01965101,0.44262564,0.0,0.8411937,0.0,3384355.067948886
1g33_s55d_e59d,MKSADDVKKVFILDKDKDGFIDEDELGSILKGFSSDARDLSAKETKTLMAAGDKDGDGKIGVEEFSTLVAESZZMKSADDVKKVFILDKDKDGFIDEDELGSILKGFSSDARDLSAKETKTLMAAGDKDGDGKIGVEEFSTLVAESZZMKSADDVKKVFILDKDKDGFIDEDELGSILKGFSSDARDLSAKETKTLMAAGDKDGDGKIGVEEFSTLVAESZZMKSADDVKKVFILDKDKDGFIDEDELGSILKGFSSDARDLSAKETKTLMAAGDKDGDGKIGVEEFSTLVAESZZMKSADDVKKVFILDKDKDGFIDEDELGSILKGFSSDARDLSAKETKTLMAAGDKDGDGKIGVEEFSTLVAESZZ,0.7965260855532927,0.505814446707127,1.405420051657823,0.22292430288666273,11.143544696127739,0.09183031533589325,0.5130828,0.019303758,0.01827322,0.49640676,0.0,0.8383203,0.0,3384355.067948886
1g33_s55d_e59d,MKSADDVKKVFILDKDKDGFIDEDELGSILKGFSSDARDLSAKETKTLMAAGDKDGDGKIGVEEFSTLVAESZZMKSADDVKKVFILDKDKDGFIDEDELGSILKGFSSDARDLSAKETKTLMAAGDKDGDGKIGVEEFSTLVAESZZMKSADDVKKVFILDKDKDGFIDEDELGSILKGFSSDARDLSAKETKTLMAAGDKDGDGKIGVEEFSTLVAESZZMKSADDVKKVFILDKDKDGFIDEDELGSILKGFSSDARDLSAKETKTLMAAGDKDGDGKIGVEEFSTLVAESZZMKSADDVKKVFILDKDKDGFIDEDELGSILKGFSSDARDLSAKETKTLMAAGDKDGDGKIGVEEFSTLVAESZZ,1.273435922573771,1.246830271433102,2.473240228919935,0.5702247328706702,11.288739499684826,0.17501361426650708,0.45079112,0.015335615,0.019958904,0.5145417,0.0,0.83775014,0.0,3384355.067948886
1g33_s55d_e59d,MKSADDVKKVFILDKDKDGFIDEDELGSILKGFSSDARDLSAKETKTLMAAGDKDGDGKIGVEEFSTLVAESZZMKSADDVKKVFILDKDKDGFIDEDELGSILKGFSSDARDLSAKETKTLMAAGDKDGDGKIGVEEFSTLVAESZZMKSADDVKKVFILDKDKDGFIDEDELGSILKGFSSDARDLSAKETKTLMAAGDKDGDGKIGVEEFSTLVAESZZMKSADDVKKVFILDKDKDGFIDEDELGSILKGFSSDARDLSAKETKTLMAAGDKDGDGKIGVEEFSTLVAESZZMKSADDVKKVFILDKDKDGFIDEDELGSILKGFSSDARDLSAKETKTLMAAGDKDGDGKIGVEEFSTLVAESZZ,0.8020623628718146,0.4732620029777243,1.4353245608419147,0.21313176180297308,11.174159002659593,0.10389108111546318,0.5049657,0.014390412,0.020417808,0.4502708,0.0,0.8401155,0.0,3384355.067948886
1g33_s55d_e59d,MKSADDVKKVFILDKDKDGFIDEDELGSILKGFSSDARDLSAKETKTLMAAGDKDGDGKIGVEEFSTLVAESZZMKSADDVKKVFILDKDKDGFIDEDELGSILKGFSSDARDLSAKETKTLMAAGDKDGDGKIGVEEFSTLVAESZZMKSADDVKKVFILDKDKDGFIDEDELGSILKGFSSDARDLSAKETKTLMAAGDKDGDGKIGVEEFSTLVAESZZMKSADDVKKVFILDKDKDGFIDEDELGSILKGFSSDARDLSAKETKTLMAAGDKDGDGKIGVEEFSTLVAESZZMKSADDVKKVFILDKDKDGFIDEDELGSILKGFSSDARDLSAKETKTLMAAGDKDGDGKIGVEEFSTLVAESZZ,1.0419286360879845,0.7254727285087099,2.2097105439814313,0.4395341425950601,11.251291947103025,0.11223834843219811,0.45466095,0.011068493,0.019856162,0.411875,0.0,0.83084625,0.0,3384355.067948886
1g33_d94s_g98d,MKSADDVKKVFILDKDKSGFIEEDELGSILKGFSSDARDLSAKETKTLMAAGDKDGSGKIDVEEFSTLVAESZZMKSADDVKKVFILDKDKSGFIEEDELGSILKGFSSDARDLSAKETKTLMAAGDKDGSGKIDVEEFSTLVAESZZMKSADDVKKVFILDKDKSGFIEEDELGSILKGFSSDARDLSAKETKTLMAAGDKDGSGKIDVEEFSTLVAESZZMKSADDVKKVFILDKDKSGFIEEDELGSILKGFSSDARDLSAKETKTLMAAGDKDGSGKIDVEEFSTLVAESZZMKSADDVKKVFILDKDKSGFIEEDELGSILKGFSSDARDLSAKETKTLMAAGDKDGSGKIDVEEFSTLVAESZZ,0.8875897992204898,0.7262043282196734,2.399068088052367,0.2992980337267553,11.214429778062069,0.1235858270615338,0.49444178,0.036863014,0.010369863,0.5367708,0.0,0.83571166,0.0,3106630.2980158175
1g33_d94s_g98d,MKSADDVKKVFILDKDKSGFIEEDELGSILKGFSSDARDLSAKETKTLMAAGDKDGSGKIDVEEFSTLVAESZZMKSADDVKKVFILDKDKSGFIEEDELGSILKGFSSDARDLSAKETKTLMAAGDKDGSGKIDVEEFSTLVAESZZMKSADDVKKVFILDKDKSGFIEEDELGSILKGFSSDARDLSAKETKTLMAAGDKDGSGKIDVEEFSTLVAESZZMKSADDVKKVFILDKDKSGFIEEDELGSILKGFSSDARDLSAKETKTLMAAGDKDGSGKIDVEEFSTLVAESZZMKSADDVKKVFILDKDKSGFIEEDELGSILKGFSSDARDLSAKETKTLMAAGDKDGSGKIDVEEFSTLVAESZZ,0.7618374782959395,0.4199314106374937,1.3676454625488028,0.22743510903523728,11.131564074480847,0.09620234890852772,0.5156986,0.030363014,0.01309589,0.49879166,0.0,0.83440393,0.0,3106630.2980158175
1g33_d94s_g98d,MKSADDVKKVFILDKDKSGFIEEDELGSILKGFSSDARDLSAKETKTLMAAGDKDGSGKIDVEEFSTLVAESZZMKSADDVKKVFILDKDKSGFIEEDELGSILKGFSSDARDLSAKETKTLMAAGDKDGSGKIDVEEFSTLVAESZZMKSADDVKKVFILDKDKSGFIEEDELGSILKGFSSDARDLSAKETKTLMAAGDKDGSGKIDVEEFSTLVAESZZMKSADDVKKVFILDKDKSGFIEEDELGSILKGFSSDARDLSAKETKTLMAAGDKDGSGKIDVEEFSTLVAESZZMKSADDVKKVFILDKDKSGFIEEDELGSILKGFSSDARDLSAKETKTLMAAGDKDGSGKIDVEEFSTLVAESZZ,0.8491587480428477,0.5182347637718439,1.228488067646444,0.267536585882554,11.148330342584268,0.10083275622805725,0.5038664,0.02269178,0.01663014,0.4605,0.0,0.8373078,0.0,3106630.2980158175
